{"cameraMode":{"drawMode":0,"name":"Shaded","section":"Shading Mode"},"sceneLighting":false,"audioPlay":false,"sceneViewState":{"m_AlwaysRefresh":false,"showFog":false,"showSkybox":false,"showFlares":false,"showImageEffects":false,"showParticleSystems":false,"showVisualEffectGraphs":true,"m_FxEnabled":true},"in2DMode":false,"pivot":{"x":0.00000286102294921875,"y":1.7813845872879029,"z":-0.12387382984161377},"rotation":{"x":-0.08560890704393387,"y":-0.8904877305030823,"z":0.40569591522216799,"w":-0.18783079087734223},"size":2.8977506160736086,"orthographic":false}