{"cameraMode":{"drawMode":0,"name":"Shaded","section":"Shading Mode"},"sceneLighting":true,"audioPlay":false,"sceneViewState":{"m_AlwaysRefresh":false,"showFog":true,"showSkybox":true,"showFlares":true,"showImageEffects":true,"showParticleSystems":true,"showVisualEffectGraphs":true,"m_FxEnabled":true},"in2DMode":false,"pivot":{"x":2.386789083480835,"y":10.283185958862305,"z":-9.855956077575684},"rotation":{"x":0.2108568698167801,"y":-0.1236662045121193,"z":0.026901928707957269,"w":0.9692901968955994},"size":2.0185141563415529,"orthographic":false}