{"cameraMode":{"drawMode":0,"name":"Shaded","section":"Shading Mode"},"sceneLighting":true,"audioPlay":false,"sceneViewState":{"m_AlwaysRefresh":false,"showFog":true,"showSkybox":true,"showFlares":true,"showImageEffects":true,"showParticleSystems":true,"showVisualEffectGraphs":true,"m_FxEnabled":true},"in2DMode":false,"pivot":{"x":149.63478088378907,"y":36.46783447265625,"z":164.55059814453126},"rotation":{"x":0.06566110253334046,"y":-0.7063574194908142,"z":0.06609458476305008,"w":0.7017080187797546},"size":7.4750518798828129,"orthographic":false}