{"cameraMode":{"drawMode":0,"name":"Shaded","section":"Shading Mode"},"sceneLighting":false,"audioPlay":false,"sceneViewState":{"m_AlwaysRefresh":false,"showFog":true,"showSkybox":false,"showFlares":true,"showImageEffects":true,"showParticleSystems":true,"showVisualEffectGraphs":true,"m_FxEnabled":true},"in2DMode":false,"pivot":{"x":2.0553247928619386,"y":0.717200517654419,"z":1.4376721382141114},"rotation":{"x":-0.08765242248773575,"y":0.7704998850822449,"z":-0.10837826132774353,"w":-0.6225245594978333},"size":0.8660253882408142,"orthographic":false}